content,rating
"Sudah repurchase botol ketiga, suka banget sm wanginya, selalu dapet voucher gift buat pembelian selanjutnya, checkout jumat malem, sabtu malem dah dikirim, dan minggu sore sampe, pengemasannya cepet dan aman, seller responsif",5
"Barang sesuai. Kiriman cepat. First time beli kemasan full 1 botol biasanya yg 5ml wkwk karena emg worth it sih aromanya juga suka. Dan uniknya, tutup botolnya magnet coy. Kuat lagi magetnya, jadi gak gampang bocor. Nice!",5
Barang oke. Pengiriman cepat. Bahan dan Wangi oke. Terima kasih,5
"â—ï¸HONEST REVIEW 1. Packaging Premium ğŸ: Dari box sampai botolnya, semuanya terasa premium. Tutup botol magnetiknya itu loh, praktis dan rapet banget! ğŸ’ª 2. Aroma Unik Rempah-Rempah ğŸ‚: Wanginya yang unik dan maskulin, terkesan elegan dan mature, memberikan kesan yang berbeda dari parfum lain yang pernah aku coba. ğŸ‘ƒ 3. Harga Worth It ğŸ’²: Dengan harga sekitar 300K, parfum ini terasa worth to buy karena kualitas premium yang ditawarkan. ğŸ‘ 4. Feedback untuk Peningkatan ğŸ”§: Walaupun sudah bagus, sillage dan projection bisa ditingkatkan agar aroma lebih tahan lama dan kecium dari jarak yang lebih jauh. ğŸ“ˆ 5. Keawetan Produk â³: Dengan kemasan 100ml, kayaknya bisa dipake selama 5-7 bulan buatku pribadi, kalo dipake secara rutin. ğŸ‘Œ 6. Bonus Tester âŠ: Dari pembelian satu botol ini, aku dapat 1 botol tester â€œUnrosedâ€, yg gak sesuai sama permintaanku. Bonus memang keputusan seller, tapi itâ€™d be great kalo dikasih sesuai permintaan buyer, karena ""pembeli adalah raja"" ceunah. ğŸ˜… Kesimpulan âœ…: HMNS The Perfection 100ml ini cocok banget buat yang cari parfum dengan aroma rempah yang unik dan packaging yang premium. Meski ada ruang untuk peningkatan sillage dan longevity, overall ini produk yang recommended! ğŸ† Semoga review ini membantu kamu dalam memilih parfum yang tepat. ğŸ‘",5
paket sampai dengan aman. udah dapat referensi dari kiri kanan kalau parfum ini bolehlah dipakai ngantor. semoga pada suka harumnya ya....,5
Pengiriman baik dr jasa ekspedisi. Produk baik dan sesuai dari yg dideskripsikan. Purchase kesekian kalinya. Terima kasih seller.,5
"Terimakasih HMNS, orderan ke dua setelah Alpha. The Perfection wanginya enak. Packing nya juga keren. Terima kasih sekali lagi HMNS",5
good product... premium... baru mo coba... recommended seller ğŸ‘ğŸ‘,5
"Udah pernah beliin buat orang, sekarang beliin buat diri sendiri. Wanginya mantap, elegan ğŸ–¤ Dapat vialnya EOS, seger banget, jadi pengen beli full size nya juga ğŸ¤©",5
"Tutupnya penyok :( sedih ehhh untung masih banyak botol parfum yang lama Thank humin, barangnya cepet sampai",5
"produk original, kualitas oke, mantab pokoknya",5
"Kaget sama tutup magnetiknya. Bahkan bisa diliat tutupnya cukup kuat waktu botol diangkat namun di sisi lain, sangat mudah waktu dibuka. Soal scent, kita percaya sama selera & standar tinggi Christian Sugiono. At the end, HMNS gak cuma jualan aroma, tapi juga memikirkan keseluruhan pengalaman orang yg beli produknya. Congratulations.",5
"Awal disemprotin wanginya nyengat banget walaupun akhirnya jadi calm wangi nya, mungkin kalo orang yang hidung nya sensitif atau kurang suka yg wanginya nyengat kurang cocok sama parfum ini.",5
"Kualitas bagus banget, ketahanan wangi cukup lama, dan cocok jadi parfume signature. Pengiriman cepat dan aman.",5
"barang aman sampai tujuan, tapi kenapa wanginya lebih enak yang perfection energy bodyspray. minusnya PENGIRIMAN LAMA",4
kok ga dapet vouchernya yaa? yg lain di dus nya dapet semua,5
Not my type of perfume but oke lah,5
"Terima kasih banyak min, barang sampai dengan selamat. Dan barangnya sesuai dengan yang saya harapkan. Sukses teruss min. Mantaaapp. ğŸ™",5
"Parfum berkualitas, kemasan mewah.",5
"Produk asli lokal, kualitas sangat bagus, dan pasti wanginya enak. Dapat bonus juga hehe.",5
"Barang sampai 1 hari lebih cepat. Kotak luar sedikit penyok mungkin karena handling kurir, tapi barang tetap aman karena dibungkus dengan bubble wrap dan packaging rapi. Wangi parfumenya enak, lebih cocok untuk acara formal.",5
"pertama coba The Perfection, pesanan datang dengan packing aman dan packaging yang mewah, ada kartu garansi dan voucher pembelian berikutnya, wanginya sesuai harapan, setelah coba sample nya, lembut tapi tetap maskulin, semoga wanginya awet",5
"Packing keren, merk lokal yg bisa bersaing sama internasional sih ini, ga nyangka. Ternyata selama ini, ini toh wangi yg saya cari-cari. Emang dipake banyak orang sih, tapi memang sewangi itu. Wanginya menurut saya elegan, agak ada kesan manis, walaupun sillage ga sampe strong banget, tapi wanginya cukup membuat ruangan wangi dengan parfum ini",5
"bahan bagus, kualitas oke, wangi enak dan tidak pedih dikulit",5
"Penasaran beli krn sempet heboh di media sosial, ternyata varian yang ini saya ga terlalu suka. Kurang cocok krn terlalu strong (top notes-nya) buat saya. Alhasil jarang pakai, jadi ga observasi ketahanan dan rasain base notes-nya di kulit.",5
"Wanginya enak, soft juga seger dan agak manis, dan dicoba oleh anak dan isteri pada suka aroma nya, packaging nya aman sekali dan pengen beli aroma lain lagi, dapat referensi utk coba untitled dan farhamtonâ€¦.",5
Packaging aman. Kotak perfume nya bagus dan membuat botolnya tetap diam ditempat/tidak oglek. Jadi aman untuk pengiriman luar kota. Wanginya memang cocok untuk segala waktu. Tidak terlalu menyengat juga. Sangat pas untuk harian. Spray nya juga bagus.,5
"Seenak itu aromanya. Untuk packaging sangat Aman, diberi bubble wrap dan tambahan kardus. Bagian dalamnya juga rapih banget. Kotaknya pas dibuka juga sederhana tapi elegan. Saat pertama dicrot baunya lebih ke seger fruity tapi saat dry down muncul aroma leather dan woods ya. Suka banget.",5
"Barang original, package parfum sangat bagus kelihatan mewah, harga terjangkau, pengiriman cepat, wangi maskulin tidak trllu menyengatâ€¦",5
"seller fast response, packaging rapi. untuk review parfumnya menurut saya wanginya kurang otentik. wanginya mirip2 ama yang lain lah. but it's okay, still good product and recommended ğŸ‘",5
"The Perfection perpaduan dari rempah (cengkeh) dan woody. Aroma nya fresh spicy yang energizing. Cocok banget menemani aktifitas kamu seharian (Indoor/Outdoor) dan bisa dipakai jugaa untuk kegiatan Sporty. Packaging sangat rapi, box nya bagus banget dan Botol perfume nya keren .",5
"parfum ini terlalu kuat bau nya daripada si Alpha, kesannya menurutku ke om om tapi kusukaa",5
maaf kasih bintang 4 karena alkohol nya terlalu kenceng .. overal oke lah.. tapi alkohol nya terlalu strong. dapet bonus note book juga walaupun berharap dapet tester parfume lain ..,4
"Gue suka wanginya. Maskulin, fresh, nggak nusuk hidung begitu semprot, dan nggak memberikan kesan invading ke area sekitar setelah nanya-nanya orang di sekitar gue, tapi wanginya ada. Untuk ketahanan belum bisa bilang, semoga cukup lama. Berasa makin ganteng kalem pakai ini, haha. Packing super aman pakai ekstra dus (nggak difoto) dan bubble wrap rapi. Packaging-nya premium. Dapat kartu garansi dan voucher for the next purchase. Kebetulan dapat vial EoS juga. Thank you, Team HMNS!",5
Mulai dr packing luar dalam smp ke kardus kemasan produk mencerminkan bahwa seller mengedepankan kualitas. Wangi sesuai karena sebelumnya sdh pernah coba. Pelayanan responsif. Pengiriman lebih cepat dr estimasi.,5
"the best memang after salenya, huminsnya gercep bgt ,ada cacat pada tutup ,langsung di ganti di kirim besok ,thanks ,keep the best",5
"Box dan Botol parfumnya bagus, ada magnet pada penutup botol, wanginya cocok sekali untuk pria. Oh iya, makasih dapet decale parfum juga ğŸ¥°",5
"Scentnya cocok banget buat saya, dan bener-bener bisa tahan seharian banget walaupun cuma nge-spray dikit aja pas pagi-pagi Very-very recommended",5
"pengiriman sangat aman ke luar kota, dipacking bubble wrap dan dus kecil tambahan ğŸ‘ untuk semprotan pertama wanginya segar kayak abis mandi, dan setelah beberapa menit wanginya tercium walaupun tes semprot dipergelangan tangan ğŸ‘ tutup nya juga udah magnetic",5
"Seller fast respon, kirimnya cepet. Packaging aman, barang aman. Sesuai",5
"Wanginya cocok banget untuk diriku, apalagi kalau dah masuk di middle notesnya. Sempat ada kendala spray macet, chat admin pengaduan lewat WA langsung dibantu dan diberi solusi tepat guna, spray langsung lancar lagi jadi ga perlu retur. Pengemasan rapi dan aman, boxnya juga terkesan mewah, untuk penutup parfume sudah pakai magnet, jadi aman abis. Terima kasih HMNS!",5
suka banget admin sangat responsif dan membantu sekali. bener bener perfect aroma nya suka bgt,5
"Barang sesuai, dikemas dengan baik. Humins ramah, informatif dan cukup satset. Setelah dicoba, wanginya tercium lebih kuat dan maskulin dari Farhampton yang pernah dipakai sebelumnya. Semoga bisa lebih awet ketika dipakai untuk olahraga/aktivitas outdoor. Kudos to HMNS team! ğŸ‘",5
"Packaging aman, botol ga pecah. Pengirimannya tepat waktu. Mantap lah pokonya mah ğŸ‘ğŸ».",5
"Brand lokal yang menurut gue bisa ngalahhin parfum luar yang udh gue beli, wanginya selalu gue suka, walaupun awal2 ada beberapa kekurangan dan sekarang selalu ngembangin kekurangannya. Salut buat hmnsğŸ‘ğŸ‘",5
"Fast response. Selain buat nongkrong, wanginya bisa dipake di acara semiformal kayaknya. Untuk range harga segini sih udah realtif berbeda kok dari parfum komersial di swalayan. Makasih juga buat tester yg Nipplets",5
"sudah sampe dengan selamat, packaging aman jdi kondiso barang jg aman.. utk wanginya memang cukup maskulin dan pas utk ane,, walau di awal2 bagi ane agak menusuk tpi setelah itu oke.. overall sampe saat ini cocok2 aj.. thanks min",5
"wangi enak, ori produk, pengemasan rapih dan aman, kecepatan pengiriman rada lambat last menit sblm pembatalan (tlg perbaikannya), recommended seller, terima kasih salam sehat dan salam sukses",5
"wanginya enak, kemasan nya juga bagus, tidak ada cacat, dapet bonus sample juga",5
"Barang nya original, wangi nya enak... packing aman Pengiriman cepat.. seller nya baik, recommended",5
"Beli ini setelah beli versi mini nya (3 varian parfume, gen xy), pilih ini dibanding Farhampton sama Alpha, wanginya lebih cocok aja, light ga terlalu nyengat, pas dipake siang hari, tahan lama wanginya. yg kerennya diksh warranty sama HMNS klo ada cacat produksi di botolnya.",5
"Parfum wanginya segar tp lembut. Kemasan box simple, botol kaca dan sy suka tutup mengadopsi magnet. ğŸ˜",5
"Bingung deskripsiin wanginya gimanağŸ˜­ sekilas di awal semprot mirip Farhampton, tapi makin lama wanginya jadi beda, dan makin kerasa perbedaan karakternya meskipun dua parfum ini sama sama fresh. The Perfection cocok buat kalian yang pengen tampil maskulin + clean, tapi kalau mau punya kesan sweet + fresh lebih cocok ambil Farhampton. Good job, HMNS! Terima kasih udah menciptakan masterpiece yang satu iniğŸ« ğŸ‘",5
"Packingnya sih top bngt untuk wangi lebih ke fresh sih tipe anak muda yg cheerful cocok untuk aktifitas outdoor atau sekedar jalan jalan, so far lebih enakan exmood nya heymale, soale sebelume pake farhampton yg cocok buat aktifitas malam atau dinner",5
"Order full bottle ini karena udah coba decantnya dan puas sama wangi dan performannya. Walaupun wanginya bisa dibilang gak unik, tp ini mass pleasing banget. Plus kebetulan cocok banget di badanku, makanya splnya juga oke. mantap lah pokonya, semoga produk lokal semakin maju dan bisa bersaing ğŸ‘ğŸ‘",5
"Wanginya keren, enak banget, abis dari farhampton sekarang beralih ke The Perfection kecepatan pengiriman cepat packaging rapih",5
"belum sempet dicoba di luar sih, tapi pas dateng tadi coba disemprotin ke tangan dan wanginya ++ terus 5 jam lebih pemakaian di rumah wanginya masih nempel, padahal dipake buat aktivitas yang berkeringat. Terima kasih HMNS! Next mau coba varian lain!",5
"the perfection aromanya enak. manis manis gitu, thank you juga untuk bonus diffusernya. sebelumnya pengen dpt bonus tester parfum lain, tp krn gaada eh dpt nya diffuser yg udah lama pgn dicobain akhirnya ngerasain jg hehehe.",5
"Masih awam soal parfume tapi mencoba review parfum ini wkkw oke kesan awal emang bau nya kek bapack bapack, entah semua parfum firts spray nya emang nyengat banget apa nggak gatau, cuman udah make beberapa hari, bau nya emang calming si, masih ada kesan bapack"" nya cuman lebih calm dan lebih soft, jadi emang bikin adem aja bau nya",5
"tutup botolnya magnetic, jd gak perlu khawatir gak rapet. bau nya sih selera ya, tp menurutku sih ok.",5
"Respon cepat, pengiriman juga cepat, saat malam produk tahan hingga 7 jam di kulit, dan d jaket bisa up to 10 jam. Aktivitas malamku outdoor 70% dan 30% indoor. Apalagi sempat kehujanan tp wangi ttp ada. Yg jd catatan adalah saat semprot pertama memang langsung menyengat tp lama kelamaan menjadi soft dan sangat nikmat ga bikin mual. Thankyou HMNS!! Thankyou jg bonus sample Farhamptonnya",5
"Admin sangat ramah dan komunikatif. Pengiriman relatif singkat dan cepat sesuai jadwal, packaging rapi dan dibungkus dengan aman. Kelengkapan barang extra sekali, dibuat dengan profesional. Kualitas barang merupakan salah satu produk terbaik yg dimiliki HMNS, dengan impresi pertama yg fresh namun tetap maskulin dan berkelas. Top notes perpaduan cengkeh dan citrusy dari bergamotnya memberikan efek segar yg otentik. Dilapis dengan mid note lavender yg menenangkan, namun dipadu dengan kesegaran buah pir untuk menjaga keseimbangan wangi yg berkelas. Ditutup dengan base notes musk dan woody sebagai pernyataan bahwa parfum ini sangat manly, walau ada tambahan wangi leather yg sedikit subjektif dan ""hit or miss"" kepada penggunanya. Overall pengalaman belanja yg menarik, dukung selalu produk2 lokal!",5
"Bungkus tebel banget, packaging bagus, Aroma Wangi seger gitu. Nice!",5
"seperti yang diekspektasikan. ""wanginya maskulin, tapi bukan tipe yang berusaha keras terlihat laki banget. Lebih kayak pria tampan di ujung ruangan yang kalem tapi mencuri perhatian"". admin juga patut diapresiasi sih, bener2 responsif dan solutif. tutup yg miring aja dikirim lagi loh diganti yg baru. selalu puas sama pelayanannya",5
Barang sesuai deskripsi lengkap packing aman dan rapi dikirim kondisi Bagus recomended seller terbaik terimakasih,5
"perfect like the name of perfume ğŸ‘ nggak expect sama wanginya, ternyata wangi banget,, harga cocok dengan kualitas senengnya dapet bonus juga, thx hmns perfume",5
barang diterima dengan kondisi baik dan Aman untuk urusan kualitas gak ragu lagi deh,5
"suka ama wanginya, sebelumnya pakai HMNS alpha tp skrg beralih ke perfection, tutup botolnya keren pake magnet jadi aman dr lepas2",5
"Kemasan premium gak nyangka sih sebagus ini, tutup magnetic kaya parfum import Sudah pernah beli kemasan sample sebelum nua, wangi nya aroma wood dan fresh gitu, cocok buat all gender Recommended deh pokoknya ğŸ‘",5
"Durasi pengiriman terhitung cepat untuk dom. Jawa Tengah. Packaging rapi dan aman. Barang diterima dengan keadaan utuh dan sempurna. Secara pribadi, saya suka dengan wanginya, sangat berkesan elegan ğŸ©.",5
"So far packing bagus dan oke banget. Kalo dibandingin sama Alpha, menurut gua jelas beda karakternya. Bagi lu yang suka wangi fresh mungkin the perfection ini akan lebih cocok kalo dibandingin alpha. Kalo dari preference gua, untuk wangi masih lebih berkarakter yang Alpha. Overall oke banget buat product HMNS, sesuai lah sama price nya.",5
"sebelum beli cari dl komen2 apakah parfumnya bisa dipake buat cewek, wangi suka bged, aroma cengkeh kmd aroma pearnya berasa. pengiriman luar biasa, pesan smlm hari ini dtg. dpt free sample 5ml dan voucher.",5
Sesuai pesanan. Dikemas dengan sangat baik sehingga aman sampai tujuan. Untuk wangi nya enak tp mungkin ketahanannya agak kurang dari yang di deskripsikan.,5
"awalnya blind buy aja karna udah percaya sama kualitas hmns karna sebelumnya pake Alpha, dan ternyata emang ekspetasi ga salah ini wangi nya enakk plus dapet bonus kalender 2024 mantapp emang gapernah salah beli produk parfum ini 100% worth",5
"Pesan jam 11.50, besoknya jam 4 sore barang udah di tangan. Pengiriman secepat itu... ğŸ˜‚ Sengaja beli yang Perfection karena tergoda review, dan memang enak banget wanginya... Mungkin bisa dibuat versi botol yang lebih handy, agar enak dibawa bawa ke luar kota ğŸ‘",5
Wangi nya enak banget. Very manly. Strong tapi tidak menyengat. Sempat ada masalah di pengiriman karena kelalaian dan ketidak jelasan dari pihak ekspedisi Si Cepat. Tapi dari pihak HMNS sangat membantu dan menanggapi dengan cepat. Two thumbs up for your product and your service HMNS ğŸ‘ğŸ»ğŸ‘ğŸ»,5
"Perfume ini wanginya mewah banget. and have become one of my favorites dari koleksi gw. asli, nggak kalah dengan perfume favorit gw yg lain.",5
"Kacau siih ini wanginya, mantep bener !",5
"berawal beli vialnya, langsung suka dan bulan depannya langsung co .. botolnya juga suka, thanks juga bonusnyaâœ¨",5
"Pembelian kedua untuk varian Perfection. Awalnya cuma beli ukuran 50 ml, ternyata cocok. Makasih bonus kalendernya.",5
"Mantap wanginya cocok, lumayan tahan lama, packing ok, pengiriman cepat juga thank you",5
BenerÂ² Khan Maen nih parfum. Sampe ngikutin history awal dari mas Tian ajuin mau belajar dan bikin parfum. Se perfeksionis itu bikin parfum nya sampe 145x trial & error. Hasilnya luar biasa wanginya. Recommend bgt pokoknya.,5
"Atomiser nyaa sudah sampai dengan baik, Hanya saja ada sedikit dent sedih banget untuk kedepannya tolong humins untuk di Quality check nya ğŸ™ğŸ™ğŸ™",4
udah ngincer dan penasaran bgt sejak pertama rilis. cuma baru kesampaian nyobain sekarang. asli wanginya perfection ini bikin aku cinta sama diri sendiri ğŸ¥°,5
"sesuai pesanan, cepat sampai, dapet bonus juga.. thanks gan.. semoga berkah..",5
"packaging perfect, so far untuk wangi enak n tahan lama the perfection good pokoknya ğŸ‘ŒğŸ»",5
"Dulu pertama beli yang starter pack, terus cocok sama yang ini. Dapat batch Maret 2023. packaging oke banget. Wanginya awet kalau nempel baju",5
"okey untuk fragrance ini gw bener"" suka kek typical parfum cwo"" kantoran yang clean, rapih, gitu. bisa banget buat gw pake untuk ngampus. wanginya tuh vibes"" gio armani yang ""profumo"". spicy, clean, ada sedikit manisnya tipis untuk ketahanannya 6-7 jam optimalnya kadang gw suka respray setelah itu biar tetep wangi. overall enak pokoknya nice hmns.",5
"Packaging aman pake bubble wrap, wanginya enak, kemasan keren, top dah...",5
"Bukan tipe fragrant yang saya suka rupanya, tapi barangnya bagus sekali. Maybe bisa saya pakai buat kado.",5
"bagus kualitas wanginya mewah, dapet diskon, dapet bonus kalender juga. mantapğŸ‘",5
"Impressed dengan packaging yang premium. Nice Product, wanginya? tidak diragukan. Mantap beud",5
"Gak ngerti lagi, sat set banget lebih cepet dari estimasi pengiriman, 1 hari sampe. Sebelumnya pake Alpha, penasaran coba Perfection dan langsung suka. Bakal pake ini terus. Makasih juga bonus dompetnya, Sukses HMNS!",5
"jadi aku beli 2 parfumnya hmns ini dari temen yg udah make.. cari info, ternyata ke 2 parfum ini punya rating yg bagus.. jadi langsung pesan deh.. keduanya punya aroma yg enak dan khas, kalau perfection cocok dipakai cewek maupun cowok, kalau farhampton lebih lakik.. packangingnya juga cakep dan baik ya, jadi parfumnya bener2 aman sampai ke pelanggan. terima kasih",5
"pompa spray tidak berfungsi, al hasil gak bisa di gunain padahal urgent.. mau tuker prosesnya panjang keburu ke luar kota ğŸ˜Œ.. next tolong di QC dulu barangnya sebelum di kirim ke pembeli. Terima kasih",3
"setelah nyoba orgasm dan farhampton yang wanginya ga bikin bosen saatnya beli the perfection dari hasil review temen yang katanya cocok cari parfum yg ngasih kesan seger sebenernya pengen yg SOW, tapi nyari yg unisex kayanya oke juga rencana beli buat seserahan diunboxing dulu buat cek kondisi barang aman, lanjut dibungkus lagi biar ga oksidasi dan wanginya ga berubah buat dipake acara nanti otw nyoba semua produk HMNS",5
Wanginya enak kayak bau uang baru haha. Vibes pria dewasa mapan bgt. Versatile. Minus nya longevity hanya 6 jam di baju saya. Dapet free decant EOS juga. Overall saya puas.,4
"Wanginya emang enak sih, ga terlalu berlebihan dan khas bgt baunya, tapi menurut gua vibes nya dewasa bgt ya... preferensi aja, mungkin lebih cocok dipake yg umurnya sekitar 40an ğŸ¤”",5
Selalu memberikan kualitas terbaik! jadinya udah ga bisa ganti produk parfum lagi â¤ï¸â¤ï¸â¤ï¸,5
"Pertama kali beli parfum di HMNS, bau EdP nya kek parfum harga jutaan. Maklum seringnya pke deodorant spray di supermarket, gapernah beli parfum harga ratusan ribu. Untuk packaging, ini mewah banget, ga kalah sama produk luar negeri. Dan dpt bonus Orgasm 5ml dong, suka bau nya smua sih hehe.",5
"Package nya gokil, selalu spesial di setiap series nya. Pengiriman cepat. Udah yg mau ke 5 atau 6 pembelian kalo ga salah semenjak 2020 apa 2021 ya. Selalu jadi yg terbaik wangi nya.",5
"Barang sampai di pack dengan rapih dan aman. Wanginya tidak diragukan lagi, makin lama makin enak.",5
"Barang sampai dengan selamat, seperti biasa packing rapi respon cepat. Sudah botol ketiga yg gue beli disini.Terima kasih",5
"Packaging nya rapi dan keren! Cocok bgt buat dijadiin hadiah! Trus klo aroma mah jangan di tanya, enaaak beut",5
"pembelian ke dua, tapi ga fapet bonus hehe, terima kasih kembali.",5
"mantap pelayanannya gesit barang sesuai dengan di foto pokoknya manteplah, kemaren beli pas 6.6 jadi dapat gratisan comfortiser keren bangeettt",5
"akhirnya sampe juga, setelah nunggu berhari-hari. akhirnya kebeli juga parfum inceran yg satu ini setelah nyobain di sample pack beberapa bulan yang lalu.",5
wanginya memang cowok banget dan maskulin. cocok buat di kantor atau hangout. untuk ketahanannya di badan dengan cruts 5-7x bertahan di 4-5jam. kalo baju mungkin akan lebih lama. dapet bonus atomizer plus vial yang eos. terimakasih hmns,5
Sesuai deskripsi..wangi bangettt! Rekomended seller..baru coba langsung mau order lg. seler ramah dan fast respon. Terima kasih,5
"admin ramah, cakap dalam merespon dan baik hati hahaha... packing mantep super aman, pengiriman cepat dan produk tidak pernah mengecewakan. wanginya elegan, tahan lama.",5
"Repeat order untuk yang keaekian kalinya untuk produk dari suami titi kamal ini. Suka sama suaminya, eh wanginya. Tahan lama wanginya, nempel di baju. Dari berangkat samapai pulang kerja. Wanginya elegant aja gitu, g pusing dan menyengat.",5
"Ini pembelian kedua kali, bukan karena abis tapi penasaran aja sama taste parfum yg lainnya, eh karena kalap ambil 2 parfum dan gak disangka Bonusnya banyak euy Tester 2 Atomizer 2 Wangi perfection maskulin bgt sh dan fresh suai abis lah Gara2 tester jadi pengen essence of the sun lah Local Pride ğŸ«°ğŸ½",5
"cepet rapi packing nya dan sedap sekali baunya, semoga tahan lama",5
"parfum ke 3 dari hmns, 2 parfum series farhampton, ini yang ke 3 buat series perfection. emang gak pernah mengecewakan sih wanginya. packaging nya juga juara banget, mewah. sukses terus buat hmns, di tunggu wangi2 yang hmns banget.",5
Seperti yang saya mau aroamanya. ternyata banyak juga 100 ml. Dapat bonus pula. Thanks HMNS,5
"one of my favorittteee setelah alpha. Ini cocok banget buat acara indoor atau outdoor yang gak too much berkeringat. Buat cowok yang suka wangi manly but gentle dan tidak terlalu menyengat, the perfection is the answer! âœ¨ï¸",5
"Enak wanginya, smooth cepat sampai recommended seller",5
salah satu varian yang paling penasaran buat dibeli tapi selalu ganemu momennya dan malah beli varian HMNS yang lainğŸ¤£ akhirnya kebeliğŸ’™,5
"Langganan belanja ğŸ›’ parfum di lapak ini. Penjual ramah, responsif terhadap pesanan saya, packing rapi, produk sesuai deskripsi, dan alhamdulillah aman sampai tujuan. ğŸ˜Š Overall RECOMMENDED SELLER ğŸ‘ ğŸ‘ Hampir semua jenis parfum hmns sdh saya coba kecuali Orgasm & EOS. Hal yg paling uwu dr after sales hmns ialah berani ganti baru parfum yg spraynya macet. Asli saya alami sendiri di parfum Manusia Harum yg spray warna hitam macet padahal tinggal 1/4 botol isinya. Sama admin hmns diganti utuh dong. Asli uwu bangettttt ini. Semoga hmns makin mendunia dan sukses serta produk-produknya memberikan kebaikan untuk semua pemakainya. Aamiin ğŸ¤²",5
Luar biasa diproses dengan sangat cepat dan barang sampai dengan selamat dan aman Untuk wangi ketahanan kualitas Sesuai deskripsi HMNS ğŸ«¡,5
"bubble wrapnya belum ada yang pecah, packingannya oke, barangnya tiba dengan selamat",5
"Barang diterima dg baik, percobaan pertama tidak ada yg cacat atau macet disemprotan, aromanya wangi, semoga suami saya suka kadonya",5
"kemasan bagus, wanginya segar, tapi masih belum coba ketahanannya berapa jam",5
"Tahan lama, makin kama dipakai makin enak wanginya",5
"Packing aman, parfum sampai dengan selamat tanpa kurang suatu apapun. Wanginya enak dan tahan lama. Terima kasih seller.",5
"Awalnya beli vial tester 3 rasa Perfection, Farhampton, EOS. Lalu dilanjutkan pembelian Perfection ini. Parfum ini cnderung ke arah maskulin, jika anda ingin kehadiran diri yang lebih elegan, rapih dan dapat diandalkan Perfection menjadi pilihan tepat (Farhampton juga boleh lah). pada pembelian kali ini mendapat bonys vial Elea. Parfum Elea cenderung ke arah florist, menurut kami lebih feminis krena karakternya. Tetapi bagi laki laki jika di gunakan di saat tepat seperti bersantai dgn keluadga, Elea ini cocok sekali. So far sgt senang dgn beberpaa varian HMNS. Dgn Harga fair enough, bisa lebih terjangkau dibanding dgn parfum brand luar negeri. sukses terus HMNS.",5
"packingnya bagus banget, gak nyangka bakalan sebagus itu packingnya, dapet kupon cashback juga, pengiriman juga cepat sampai, gak kecewa dehh, wanginya juga enak bangeetttt",5
Sempurna sih parfum ini. Wanginya seperti wangi bapak-bapak sayang anak. Cocok buat kondangan atau acara-acara kasual. Pengiriman aman banget,5
"abis checkout 2 orgasm buat doi dan adek yang ultahnya deketan sekalian beli starterpack, dan suka sama perfection langsung gas checkout lagi karna vouchernya cuma 10 hari hihii, thankyou humins",5
Sedang mencari variasi dari Farhampton Wanginya kok biasa aja ... Packing dan dus ok.. pengiriman sangat cepat,5
"Pengiriman cepat, barang sampai dengan aman, untuk wangi nya biasa aja menurut saya, gaada yang unik.",5
"pelayanan adminnya top bangett, pengiriman gokill baru kemarin pesan besok paginya udah sampe, barang juga bagus banget sukaak wanginya",5
"Cekep banget dah, kemarin order hari ini sudah sampai dengan aman. kaga pernah kecewa pokoknya.",5
pesanan sampe cepat. barang sesuai. ini udah sesuai parfum ku sebelumnya cocok banget. seller ramah. tks ğŸ™,5
"packaging bagus banget, wangi awet + lembut, nicee",5
"pembelian kedua. ini parfum yg paling kusuka dari hmns. packing ok banget (rapi, aman didobel bubble wrap), pengiriman cepat",5
"experience beda banget abis beli parfume dari HMNS yang mungkin ga ada di parfume brand lain. dapet free starter pack, waranty card dan voucher diskon untuk pembelian berikutnya. mantab keep going HMNS",5
"packingnya aman sekali. wanginya enak, dapat bonus juga. terima kasih.",5
pengiriman cepat seperti biasa. kualitas parfum selalu bagusss,5
"packingnya mewah, wanginya enak, awalnya beli yang starter pack minta saran istri ternyata sukanya yang perfection, yauds dibungkus",5
"Packagingnya juara, wangi-nya engga se-maskulin alpha. Lebih cocok untuk kondisi formal",4
pengiriman cepet dan aman. wangi nya kayanya lebih cocok untuk outdoor yaa.,5
mantap pengiriman cepat bgt wangi nya kalem terus dapet tas jga lagi keren hmns pas bgt dapet diskon hehe ğŸ˜ğŸ¤§,5
"wangi awalnya ga suka, pas drydown baru enak tp krg lama",4
Wanginya enak & cocok buat aktivitas sehari-hari dan acara resmi. Terimakasih,5
sesuai dengan nama nya wangi nya emang se perfect itu berawal dari coba coba punya temen akhirnya beli sendiri ntah kenapa wangi nya terkesan smooth tapi meninggalkan kesan yang unik good job HMNS,5
packing bagus utk parfum kotaknya eksklusif wewangianya bagus sekilas mirip kenzo yg saya pakai suka saya rekomended utk langganan sepertinya,5
"mantap perfumenya cocok, seller amananh sesuai pesanan trmksh",5
Packaging bagus tapi Sorry wanginya mengingatkan seperti parfum sebelah,3
"yang ke dua kalinya beli di hmns dan gak pernah mengecewakan sih, cepet jga nyampenya. sayang buat decant nya gak tau nama parfumnya apa ğŸ¥²ğŸ¥²padahal gara2 dapat parfum decand the perfection akhirnya beli lagi loo",5
muluuss.. gaada penyok sama sekali dusnya. dapet bonus pulaakk hihi happy sekali. semoga suamiku suka wanginya yaahh. makasiiih,5
"Aroma parfumenya lelaki sekaleeee, thanks HMNS, I like it. packing aman, deliv aman. Aroma parfum dari pagi semprot jam 7 an, sore jam 6 masih kecium , top pokoknya.",5
"Kayaknya ini udah kedelapan kalinya aku beli parfum ini. Jadi... puas. Selama beli kemarin-kemarin, baru kali ini brli dapat vial dan travel bottlenya hahaha.",5
"Secara kemasan saja sudah jauh di luar ekspektasi sih. Blind buying, yet really blow my mind! Thanks HMNS! Gonna make this my signature fragrance, Iâ€™m all in for repurchasing ASAP.",5
"Rame banget sekali dateng, ga siaâ€ beli pas promo sampe ditanyain dikira mau review produkğŸ˜­ğŸ˜­ğŸ˜­",5
"Pesennya kamis, sabtu langsung nyampe ğŸ‘ğŸ‘ğŸ‘ Packagingnya mantap, barang aman sentosa. Dapat bonus tote bag dan kupon diskon juga. Thank you minn",5
Perfection = perfect! sesempurna itu wanginya sampe semua elemen dari dunia ini bisa mengendus aroma dan terpikat untuk menjadi 1 memeluk tubuh yang menggunakan parfum ini,5
"Bukan wangi yang authentic, tapi lumayan lah komposisinya",5
"Botolnya keren, wanginya pas buat aktivitas indoor maupun outdoor, ketahanan sesuai dengan harganya ğŸ‘ğŸ‘",5
"Pengiriman cepat, produk OK.. Baru akan di coba.. Tp felling sih OK ini produk.. ğŸ‘",5
"Wangi nya beneran enak bgt, top pokoknya.. ğŸ¤© thx min... sukses selalu. ğŸ™",5
wanginya keren sesuai kepribadian . wangi simple tapi tahan lama,5
"wangi nya enak banget ini, cocok buat acara formal sih",5
Parfum nya wangi ganteng kalo pake parfum inj jadi seperti pria berkelas dan lebih PD,5
"aromanya maskulin elegan. chuay panas2an oke nih. btw.. kemasan barunya keren. utk ketahanan yg batch baru, semoga sama awetnya kyk yg lama. goodjob HMNS, memuaskan.",5
"suka sekali sama wanginya. packing rapi, bagus dan aman",5
"Fast respond. Suka wangi the perfection karena waktu beli yg paket Tester. Saat gunain yg tester, wanginya tahan 8jam didalam ruangan berAC. Jd order untuk yg full package yg the perfection nya. ğŸ‘ğŸ¼ğŸ‘ğŸ¼ğŸ‘ğŸ¼",5
"pertamanya nyoba DECANT HMNS THE PERFECTION,awalnya kurang suka wanginya karena ada aroma cengkeh...tapi lama jadi suka aroma cengkehnya...dan akhirnya beli full bottle nya...wanginya sama persis waktu sya beli decant nya...wanginya awet bngt klo spray dibaju,bisa sampe 8jam wanginya...ini jenis parfum yg aman dan bikin kangen,bawaannya pengen ngendus badan mulu...",5
"paket udah sampai, suka sama wanginya, pelayanan oke, respon cepat pula, Thank's",5
"Packing dan bungkusnya bagus, baunya juga segar dan ga menyengat",5
"Dpet bonus Essence of the Suns. Enak wanginya. Nti cobain lah.. Kmren dpet Farhampton, tp lupa kaya apa wanginya.",5
"cakep, pengiriman cepat, barang diterima dengan baik.",5
"Aromanya begitu memukau, menawarkan harmoni sempurna antara kelembutan dan kekuatan. Setiap semprotan menghadirkan kehadiran yang memikat dan kesan yang mengagumkan. Kualitasnya yang tak tertandingi membuatnya menjadi pilihan terbaik bagi para pencinta parfum. Simply perfection!",5
"akhirnya beli ini, versatile banget baunya, elegan + nyegerin. very nice packaging, eh dapet bonus pula",5
"pengiriman cepat, kualitas kemasan premium, dapat bonus pouch juga, wanginya cocok buat saya. semoga awet dan tahan lama",5
"Awalnya kaget karena ternyara wanginya terlalu maskulin buat gue, tapi lama-kelamaan gue pake, gue jadi suka wanginya. Karena ini wanginya fresh, menurut gue cocok dipake untuk kegiatan outdoor, panas-panasan, atau gym. Waktu gue gym, gue pake ini dan setelah berkeringat wangi bergamot dan cengkehnya makin kenceng diiringi ciri khas driftwood.",5
"Barang sampai dengan kondisi baik, packaging pake bubble wrap, seller ramah dan responsive",5
"dulu cuma beli vial, skr fb nya... buat harian enak dan ringan... ini aku dapat surprise kah..? dapat ambar janma juga..",5
"wanginya enak banget, kemasan mewah, tinggal tes keawetannya aja, first time beli hmns perfection",5
Produk yang diterima sesuai dengan yang tertera pada deskripsi produk. Produk berfungsi dengan baik saat digunakan. Penjual sangat cepat memproses pembelian saya selama proses transaksi. Produk dipaketkan dengan rapi dan tidak ada cacat. Saya senang berbelanja di toko ini.,5
wanginya mantab..harga relatif lah..kotak nya premium banget.,5
"Wanginya lumayan tahan. Segar, fresh. Semoga Ada rejeki buat coba yang lain Dipakai di ruangan ber AC , semakin segar. Thanks HMNSğŸ¤",5
"Aroma sesuai ekspektasi, kemasan parfum premium banget, paket dilapisi bubble wrap tebal sehingga barang aman sampai di rumah, kualitas parfum dan pelayanannya sangat memuaskan ğŸ‘",5
"Pengiriman cepat bonus tester juga untuk yg tipe farhampton. Dari ke 3 tipe parfum Alpha, Farhampton, The Perfection punya karakteristik yg beda beda. Untuk wanginya The perfection strong dan maskulin banget punya kesan glamour untuk farhampton hampir sama kaya the perfection hanya lebih soft dan kesannya kalem untuk alpha karakternya soft dan punya kesan yg casual",5
Parfum wanginya nyaman. Tapi kurang strong dan kurang tahan lama. Size nya terlalu gede menurut saya jadi gak cocok buat travel.,4
"Barang sesuai deskripsi, pengiriman sesuai pilihan. Kualitas sesuai harapan. Dan dapet bonus tumbler sesuai promo. Semoga awet. Seller jg responsif dan jelas arahannya. Terima kasih",5
"Parfum ini cocoknya di pakai untuk malam hari atau kalau mau di pakai di siang hari ketika cuaca sedang hujan, kalau di pakai ketika matahari sedang terik kurang ok aromanya, sarannya aupaya parfum ini bisa lebih tahan lama aromanya",4
"awal semprot wanginya kuat out dan woody, setelah dried down baru lebih muncul floral nya, longevity bisa 6 jam projection 1 meter, okelah untuk harganya packaging juga niat recommended",5
kata suami. â€œsuka banget sama wangi nyaâ€ sayang ga dapet vial ğŸ˜¬,5
"Puas dengan layanan hmns yg sat set sat set, barang mendarat aman, Pengiriman oke banget.",5
"No komplain, dr kualitas pengemasan hingga pelayanan serta produknya sendiri 5/5. Perfect.",5
Personally cocok sama wangi nya. Packaging bagus. Seller ramah. Dapet bonus 1 botol kecil yg varian Farhampton. Thank you :),5
"wanginya pas untuk yg suka wangi elegan. wangi tahan lama. awal semprot tercium agak tajam, tapi setelah beberapa saat jadi lebih soft. pengemasan rapi dan aman, sehingga barang diterima tanpa cacat.",5
"respon penjual cepat, pengiriman cepat, packaging bagus, produk ok melebihi ekspektasi sih, apalagi dapet voucher diskon",5
"barang sesuai foto dan deskripsi, pengiriman cepat, packaging sangat rapi dan terasa eksklusif. dapet bonus pula",5
"Parfume selamat dengan aman, tidak pecah/bocor, wangi nya sukaa semogaa awet dan bakal order lagi ni ğŸ˜",5
"terbaiiiikkk hmns, pengiriman cepat, packaging cepat dan keren, bonuss banyaaak, makasiih",5
"Aromanya bener uweenaak bnget pokoknya g bakalan nyesel dech. Buat pelayanan ramah n fast respon. Pengirimannya jg cepat. Buat seller terima kasih bnyak buat bonusnya. N buat yg mau n lagi cari2 parfum, ini parfum sngat recomnd banget guys.",5
"Respon penjual baik dan cepat, kemasan baik dan aman, pengiriman cepat sesuai jadwal, kualitas HMNS Perfume - The Perfection baik, wangi sesuai dengan deskripsi, kemasan parfum bagus dan aman",5
"Wanginya emang magis banget. Bikin pengen nempel2 suami terus kalo pas doi pake. Kegantengan meningkat 1500%. Awet banget juga. Pakai buat dinner di luar, sampe bangun tidur masih kerasa samar2 wanginya. Ajaib emang.",5
"Pengiriman cepat, barang sesuai dan wangi nya enak serta tahan lama. Tutup unik, ada magnet nya.",5
"kualitas nya bagus, packaging nya juga menarik, wangi tidak terlalu strong yg tp masih bisa buat semua org ketahanan lumayan lama",5
Produk sesuai dan wanginya luar biasa sesuai ekspektasi saya ğŸ˜Šâ˜ºï¸,5
"beli karena nyari parfum maskulin buat outdoor. semprot pertama kayak bau dapur yang fancy(?) TAPI SETELAH NEMPEL, HOLY SHID GAK NYENGAT, GAK APEK, GAK BIKIN PUSING. PARFUM MASKULIN PERTAMA YANG GAK ADA 3 GENRE DIATAS. buat occasion apa aja bisa banget ini. ketahanan kurang tau karena baru 2 jam abis nyampe. next bakal cari yang gini tapi lebih nyari yang fresh. sukses terus HMNS",5
"penjual JUJUR, order pelanggan di tangani dan tanggapi respon tepat, sesuai deskripsi dan foto etalase, kemasan mewah tanpa cacat, salam waras selalu.",5
"Botol ke 2. Salah 1 koleksi parfum yang cepet abisnya, karena sering dipake. Dan ini brand lokal, mantep !!! Tolong kalau bisa pilihan kurirnya ditambah, karena udah beberapa kali pengiriman untuk saya via JnT bermasalah, masalahnya bukan cuma lamaaa, tapi juga mereka ga tau barang saya ada dimana.",5
"Wangi yang fresh dan elegan cocok untuk daily wear, packaging dan botol simple tapi thoughtful dengan tutup magnetic. Great quality from HMNS.",5
"Order cepat diproses dan dikirim. Pengiriman aman. HMNS Perfection wanginya fresh dan clean. Kesannya elegan, bersih dan rapi. Waktu disemprot ada nuansa sitrus, woody dan sedikit green spicy, dan lama-kelamaan seperti ada nuansa buah hijau segar dan leather. Wanginya halus kayak agak malu-malu dibandingin sama HMNS EoS atau Alpha. Cocok kalau ga mau wangi yang terlalu strong, tapi tetep noticeable di jarak yang deket.",5
"Perfume ORI.. Wanginya soft, lebih cocok dipake buat malam & udara dingin. Good seller. thanks.",5
"Udah 1 tahun pakai ini.. akhirnya repeat order.. pemakaian pagi, wanginya nempel sampe malem (indoor). penjualnya fast respon, pengirimannya cepat oke sih..",5
wanginya suka banget. lgsg cocok dipakai berkegiatan.,5
"Baunya soft dan cenderung formal. Kesannya ada rasa pait dan asem gitu, cowok banget lah. Tapi bagusnya wanginya nggak nendang parah kayak parfum cowok kebanyakan ğŸ‘",5
"TERBAIK... GA NGERTI LAGI, ENAK BET WANGINYA",5
"packaging aman, ada kartu garansi dan voucher 25K dapat bonus Farhamton 5ml. untuk aroma. saya tidak suka. lebih suka Farhamton. balik ke selera",5
"packing rapi banget reket banget, dapet voucher lagi dalemnya, dapet gift pula. ada kartu garansi juga, sejauh ini spraynya aman semoga aman terus yaaa",5
"Awalnya biasa tapi lama2 enak juga, amber nya kurang dikit lagi harusnya sih, overall mantap. sayang bonusnya cuma voucher 25k haha..",5
"Mantap, mendarat dengan selamat dan aman. Semua dalam keadaan baik, packing oke tebal. Pertama kenal parfum ini grgr temen beli terus make, dan saya suka dengan wanginya. Sillage-nya juga oke ketika itu cium aromanya, berseliweran 1 meter kurang lebih pas lg jalan sm temen. Akhirnya memutuskan ingin beli juga hahaha. Adminnya juga responsif membantu calon pembeli.",5
"Wanginya tahan lama sihhh, cowo banget ni parfumm, fresh spicy, balsaminc. Mantapp Dapet bonus vial jugaa, enak juga nih alphaa",5
"Pembelian ke-3 selalu puas sama pelayanan Tim HMNS, keep it up ğŸ«¡ğŸ«¡ğŸ«¡",5
Saat di test ternyata sprayer parfum nya macet. Langsung hubungi nomor customer service dan di pandu dengan ramah. Malah langsung di kirim replacement nya ğŸ˜± Amazing customer service. Soal wangi nya suka karena kesan manly tp subtle juga. Favorit ğŸ’™,5
Wangi enak karena sudah coba sebelumnya di botol yg kecil kecil. Pengiriman cepat dan aman,5
"pertama, cs sangat membantu menjelaskan apa yang dibutuhkan kedua, pelayanan sangat cepat ketiga, packing keamanan barang sudah sesuai seperti yang diharapkan keempat, barang sesuai drngan yang dipesan dan yang terakhir, apa yang direkomendasikan cs sudah sesuai dengan kebutuhan saya.",5
Packing dan kemasan nya bagus. Tutup botol magneticnya keren. Wangi nya tahan lama. Top,5
"kotaknya bagus ga kalah dengan parfum luar, botol parfumnya juga bagus, aromanya kuat, aromanya tahan lama",5
"packagingny bagus, wanginya segar.. cocok untuk siang hari yang panas.. saya lebih suka ini dibandingkan farhampton yang baunya manis dan buah buahan.. tapi dibandingkan dengan farhampton, farhampton lebih tahan lama ya wanginya? ğŸ¤” urutan keawetan wangi: 1. ambar janma 2. farhampton 3. perfection",5
"awalnya ragu mau cobain ini karena udh biasa pake Alpha. pengen cari sensasi wangi baru dan pas barangnya sampe coba sniff dari botolnya yg dirasa first impressionnya enak aromanya walapun pas disemprot aromanya bukan yg tipe saya banget. tapi its oke buat secondary parfum saya. tetep Alpha numero uno buat saya. Anw, thankyouu totebagnyaa.",5
wangi nya awet cocok bgt buat sehari hari,5
"packing baik. produk aman tdk ada rusak. kwalitas box & botol parfum baik, nilai plus utk tutup magnetnya. aroma sdh pernah coba versi sample. sukses ya utk bisa menciptakan aroma unik pd parfum lainnya. hasil blend cukup baik",5
Wanginya saya cocok. Dan packing nya jg oke. Overall sy puas. Kbetulan dpt free farhampton kecil,5
Pertama kali beli dan seneng karena packagingnya bagus dengan tutup magnet. buble wrap nya banyak juga dan pakai kardus,5
"kata istri saya tercinta: wanginya seger, pake dikit juga awet wanginya, tapi sayang sekali suamiku gak bisa pakai banyakÂ² karena takut habis sebelum akhir bulan ğŸ˜‚ (jatah duit parfum sebulannya abis sama HMNS Perfection hahaha)",5
Memang bikin puas kalo beli HMNS. Paket mewah. The Perfection.... dah lah cocok sebagai signature cowok. Proses juga cepat. Benar2 niat banget bikinnya. Bangga dengan produk lokal ini. Keep it up this good work and lift the bar higher!!,5
"kemasan berubah lebih gelap ya.. beli terakhir masih yang bening, baunya agak beda..enakan yg lama.. meski overall hampir sama tapi harusnya signaturenya gak ilang.",5
"Mantap sekali, wangi nya awet dan saya suka. Botol parfum kualitasnya bagus, kotaknya juga ok, apalagi harganya terjangkau. Sukses",5
"Sudah 2 kali beli parfum ini, cocok, wangi, tahan lama, kualitas oke. beberapa kali ketemu cewek ditanyain parfumnya apa wqwqwqwq. Cuman untuk pengiriman kali ini tester yang dikasih bocor, jadi sayang aja ada yg terbuang sia-sia.",5
"Wangi woodynya ga yang langsung nyanter banget, wanginya kalem, sebenernya hampir mirip mirip sama cologne nya merk G**s*y yg woody, MIRIP ya bukan sama, cuma ini parfumnya tahan lama semprot di kulit tahan sampe 5 jam dalam ruangan, belum coba semprot di pakaian, dapet sample parfum lain di boxnya",5
"nyoba beli yg aroma ini, untuk pribadi lebih suka yg farhampton overall packing, kondisi barang, dll kondisi aman",5
"Honest review: Jujur for the local fragrance HMNS sangat memperhatikan dari segi packaging yang eye catching sekali dan sangat premium. Baru pertama kali beli produk HMNS dan langsung suka bgt sm wanginya meskipun aku berharap base notesnya strong karena aku pribadi suka wangi yg strong tapi it's okay not a big problem. And also thank you for the voucher and decant, bakal repeat order lagi deh pokoknya",5
wangi mantap seller responsif pengiriman aman cepat,5
"Berawal dari Starter Pack, akhirnya beli yang 100ml. Dari semua varian yang saya beli tidak pernah mengecewakan. Masing-masing mempunyai karakteristik yang cocok dipakai di kondisi tertentu (meeting dengan klien, jalan-jalan, atau daily usage). Sukses terus HMNS ğŸ‘",5
"packing aman,barang sesuai pesananan ğŸ‘ğŸ»ğŸ‘ğŸ»",5
Second buy product hmns yg flavor perfection. First impress gokss bngt. Dope bngt wangi nya. Semoga awet berjam jam.,5
"Produk original, pelayanan sangat ramah, pengalaman belanja yg menyenangkan",5
"Wanginyaaa enak bangettt! Packaging oke punya dan pengiriman sangat cepat. Saking cepat nya checkout sekarang, sampenya kemarin ğŸ˜",5
Beli ini utk suami yg biasanya pake parfume branded... Alhamdulillah suaniku suka setelah nyobain wanginya... beneran enaaaakk bgt,5
"barang sesuai deskripsi, packing aman, tidak ada kebocoran, ada voucher dan garansi.",5
"wanginya sudah lumayan, cuma kaya kadar alkohol rada kebanyakan",5
"wanginya enak bgt,udh beli 2x,segernya awet ğŸ˜ğŸ˜ğŸ˜ğŸ‘ğŸ‘",5
"wrap bubble nya tebal, dus luar aman, kotak parfum mantap dan segel, botol parfum aman, spray mantap, dasarnya buy blind untuk ketahanan wanginya super mantap, SPL ok banget cuman sayangnya sy kurang cocok dengan scentnya, tp over all sdh ok banget ğŸ‘ŒğŸ‘ŒğŸ™",4
"aromany fresh, enak, maskulin, packing aman selamat sampai tujuan",5
"First time pake perfection langsung jatuh cinta sama wanginya, setelah sebelumnya pake farhampton.",5
"wanginya enak, fresh packaging rapih, ada warranty cardnya, puas deh, makasih ya",5
"sebelum barang sampe, sudah chat admin untuk kirim produk The Perfection terbaiknya, karena jujur aku baru perdana pake HMNS, khususnya The Perfection, kenapa? karena udah lihat review banyak orang yg bilang wanginya kurang dr produksi yg lama atau memang wanginya memang ga terlalu tercium.. trus barangnya sampe, udah dipake selama seminggu dan semprot banyak ke baju dan badan, ntah ekspektasiku terlalu tinggi atau gimana, wanginya asli ga kecium, ga semerbak dan ga tahan lama, ga ngerti apa hanya The Perfection aja yg begini atau varian lainnya juga sama, masih bingung mau beli varian lain atau stop aja beli HMNS, hmmm sorry",2
"cepat layanan, barang bagus wanginya seger, packaging rapi, botolnya juga mevvah",5
"suka banget sama packaging nya. tutupnya juga udah magnet. recommend asli deh, pengiriman juga cepat sampai. terimakasih.",5
Sangat memuaskan. Kualitas sangat baik. Wangi : untuk saat ini cocok Ketahanan : belum dicoba untuk seharian. Semoga bsa tahan lama wanginya. Terima kasih,5
"ternyata wanginya kurang tahan lama, dan kurang semerbak. hehehe.. jadi bener2 musti nempelin hidung dulu, baru kecium bau nya. buat gw yg berharap abis pake ini, trus jd wangi kemana2 kayanya harapannya ketinggian. ğŸ˜…ğŸ˜… satu2nya nilai plus cuma kemasannya aja yg bagus. udah. sisanya standar aja..",4
"Instantly NO REGRETS! The Perfection, just for the perfect balance of scent and longevity. Also thanks for Orgasm tester!",5
"respon cepat, packaging aman, parfumnya enak banget no debat",5
wanginya enak banget.. bisa bertahan lama juga. kualitasnya premium banget.,5
"Wanginya enak banget, pengirimannya cepet, packaging aman",5
"Fast respon, produk baik, sesuai pesanan, packing aman. Terima kasih.",5
Pertama x mencoba setelah bbrp x tester di GI.. barang sampai dgn selamat.. botol isi kemasan packaging packing oke,5
"barang bagus packing aman gak bocor, sisanya nanti saya coba dulu baru nambahin",5
"Wanginya sangat kalem. Lumayan tahan lama. Sprayer oke, botol oke, packaging oke.. Mantap",5
"Ini pembelian pertama dan ngasal coba, tapi ga nyesel sih seneng bgt sama produk nya. Barang sampai dengan sempurna, packaging bener"" mantap bagus bgt. Dapet voucher juga si lumayan buat cobain varian lain hehe",5
"bau di awal kurang suka, tapi khas banget hmns kalo udah beberapa menit jadi enak",5
wanginya enakk. Cocok buat dipakai di indoor karna wanginya wangi kantoran. dipakai lebih dominan ke cowok tapi cewek pun bisa pakai,5
fast respon & delivery packaging nya rapih wangi nya cocok utk pria kantoran,5
"untuk bau awalnya woody banget, tapi lama lama jadi kalem, packing rapi dan aman",5
"Barangnya bagus, packaging jg menarik, yg terpenting after sales nya ok dan responsif, Thanks HmnsğŸ‘ğŸ»",5
sudah tidak perlu diragukan lagi. suka sama perfection pas nyoba beli yg starter pack. Barang sampai dengan selamat. tidak ada pecah dan berkurang. wangi masih sama seperti pertama beli,5
"Parfume nya ok, agak sweet fresh, dpt pas flash sale 3.3 plus bonus atomizer nya yg imho ini lebih keren bgt drpd botol parfume nya hehe thanks HMNS!",5
"awalnya tidak percaya dengan kemampuan dan kehandalan barang ini. tapi setelah dicoba, memang luar biasa. sangat memuaskan hasilnya. layak untuk dibelim",5
seller respon ny bagus kemasanny bagus elegan pengiriman cpet,5
"Karena awam di dunia fragrance, baru paham bau deskripsi â€œluxuryâ€ itu gimana. Enak sih, cuma ga sesuai selera aja. Mungkin ada yang mau buyback -50k jadi 350 dan pemakaian baru dikitt banget. Masih lengkap dengan set boxnya. DM aja di ig @naufaljody kalau minat ya. Khusus area Pancoran free ongkir â˜ºï¸",4
buat kado suami alhamdulillah suka dan cocok bgt wanginya dgn kepribadiannya ğŸ˜ Tq hmns,5
"Makasih, barang nyampe aman gada lecet. Packaging nya mantep rapet bgtt. Dr wanginya sih gilaa, tp blm nyoba tahan brp lamanya. Over all mantep sii",5
"Pengiriman cepat, barang juga oke. Wangi juga tahan lama. Bakalan jadi favorit dah in",5
"packaging rapi dan lgkap include kupon cashback-warranty card, no defect, dapet bonus atomizer 10ml sama sample EoS 5ml, untuk parfumnya cocok di aku, aroma"" spices gitu tp ga terlalu menohok, tahan lama jg â™¥ï¸",5
Selalu puas dgn packingan dr toko ini rapi dan baik. Barang sesuai deskripsi dan kualitas parfumnya. Aromanya saya suka berbeda dgn parfum2 saya sebelumnya. Sekoga ini awet aromanya sesuai deskripsi.,5
"pembelian ketiga, masih asoy pake yang ini, sepertinya saya perlu diberi gratisan ğŸ˜—",5
barang sesuai deskripsi pengiriman cepat pelayanan bagus,5
"wangi nya parah sih kayak parfum branded ga kayak parfum lokal, keren bgt packaging nya rapih dan solid bgt. sukses buat hmns",5
"Wangi ny segar, terkesan elegan and berkelas. Packaging jg top notch, brg diterima dgn kondisi baik.",5
"Wow, pesan kemarin, hari ini langsung diterima. Semoga cocok sama produknya. Respon adminnya juga oke banget. Thank you yaa",5
mantap packaging tebal dan box bagus,5
"packaging aman dan rapih, harumnya enak. belum dites secara keseluruhan. semoga awet wanginya",5
baunya ga terlalu nyengat yang jujur cocok dengan selera sendiri. bagus. tutupnya bermagnet,5
"Packaging:â­ï¸â­ï¸â­ï¸â­ï¸â­ï¸ Wangi:â­ï¸â­ï¸â­ï¸â­ï¸â­ï¸ Untuk ketahanan sesuai dengan deskripsi di produknya, jdi setelah bbrp jam orang gak akan kecium bau parfumnya klo ga bener2 nempel sama kita apa lagi klo kerjanya banyak berkeringat, TAPI untuk diurat nadi tangan wanginya bisa seharian. Kadang gue saking candunya sama wanginya skrg malah sering cium urat nadi sendiri. Untuk dijaket cuma bahkan bisa sampe bbrp hari wangi parfumnya masih kerasa. Diawal mungkin emg menyengat, tapi lama kelamaan wanginya jdi soft, berkelas pokoknya. Terus dikasih bonus farhampton, btw awalny paketnya cuma dtg 1 parfum doang, terus krn beli yg full size akhirnya dikirim lagi sama sellernya ukmini, tpi tetep lebih suka yg the perfection. Wangi sih wangi tpi saya lebih prefer The Perfection.",5
"dari print tulisan seperti kurang siap tulisannya miring, meskipun hal kecil tetapi ini perlu diperhatikan, lalu untuk wanginya kurang tahan lama dan harus benar-benar didekatkan ke hidung barus bisa terasa baunya, saya lebih prefer alpha ketimbang the perfection.",3
"wanginya enak, tp jujur selera parfum masing2 org itu beda2. the perfection ini enak tapi bukan tipikal favorit gue. good luck buat hmns. diluar kondisi parfum yg sesuai dgn nama parfumnya yakni â€œperfectionâ€ pengirimannya juga ga kalah sempurna. cepet banget sampenya. thank you.",5
"Pengiriman cepat, respon cepat, barang sesuai, wanginya enak bgt, tahan lama â€¦terima kasih HMNS",5
Botol kedua ğŸ«¡ Selalu suka wanginya ğŸ‘ğŸ¼,5
"As always, produk bagus, packing OK dan pengiriman juga cepat..ğŸ‘Second Order.. ğŸ‘",5
wangi nya enak...packing aman...kualitas gak perlu diragukan lagiğŸ¤Ÿ,5
"Wanginya elegan banget, rempah"" seger tapi setelah dipake cukup lama ada kesan manisnya juga sedikit",5
"Udah coba beberapa hari ini. Wanginya the best sih. udah gitu ketahanan wanginya jg oke bngt, seharian pake aja, wanginya masih ada. Mungkin karena pakenya di ruangan AC kali ya",5
"Baunya wangi enak sesuai tipe kepribadianku, Packaging aman tapi kalo dikasi buble wrap lebih ğŸ‘Œ dan untuk pengiriman lebih dari standart tetapi bukan salah tokonya tapi salah expedisinya. Semoga ada pilihan lain buat pengiriman. Terimakasih Humansâœ¨",5
"Kualitas, Cocok, Wangi, semua layak dapat bintang 5 lah..",5
"wanginya enak, tahan lama, dan cocok buat yg sering aktivitas luar ruangan",5
"kemasan bagus , dapet gift juga. wanginya juga enak . pengiriman cepat",5
Sempet kaget pas barang dtg ternyata botolnya pecah. Tp stlh chat seller lgsg ditanggepin dan lgsg dikirimin barang baru. Terimakasih Hmns ğŸ’• Btw wanginya enak dan juga tahan seharian ğŸ”¥,5
pengiriman nya cpet bgt.. keren. Original 100% suka bgt sm wangi nya. so gently. n dapet totebag gemeshh bgt !! Thank you HMNS. â¤ï¸,5
"Pengiriman cepat, packing aman, kualitas product joss",5
"Barang dah sampe, Fast Response, Rekomended Seler, Cucok Wanginya, top, Terimakasih",5
wanginya enak lebih ke maskulin cocok buat aku packaging juga bagus dan aman terimakasih seller :),5
"Barang mantap, cuma memang perlu dievaluasi lagi pengirimannya karena barang sampai lebih dari 7 hari sejak pemesanan",5
baunya enak dan tahan lama tergantung pakainya gimana. laki banget. ini udah kedua kalinya mesen cuman belum juga dikasi bonus. makasi,5
"Parfum ini menurutku bener2 representasi dari nama parfumnya sendiri. perfect. Wanginya sopan banget di idung, udah kaya suaranya Norah Jones di kuping...",5
"Aromanya segar, gk strong, cocok dipake buat nongkrong",5
"Diterima dengan baik,packing aman, thanks seller",5
"kemasan aman, produk sesuai deskripsi, mantab wanginya terimakasih",5
"bagi orang lain, wanginya mungkin sudah memenuhi ekpektasi. entah kenapa, say punya 3 produk HMNS: Perfection (baru dateng), Farhamton, Alpha, tidak ada satu pun yang bikin -sreg- buat saya pribadi. apalagi yng baru saya beli ini, The perfection, wanginya enak, soft, tapi skelebatan saja, tipis (Nggak nyangka se-tipis itu). mungkin hidung saya kali lagi error atau kurang banyak nyemprotnya. beda dengan 2 jenis parfume yg sy beli sebelumnya (Alpha, Farhampton) btw gak ada bonus testeran -jenis parfum lain- ya tiap beli produk baru, jadi kudu beli produk jenis lain aslinya dengan harga ""asli"". sy punya 1 parfume yg harga 70.000 tp pas banget dengn preferensi saya. -ini hanya pendapat pribadi. mgkin sy emang gak cocok make parfume sejenis dan sekelas ini. Terima kasih. ğŸ™",5
Packing ğŸ‘ packaging product ğŸ‘ wangi juga ğŸ‘,5
"Wanginya elegan dan tahan lama, sangat sesuai ekspektasi",5
ini kedua kalinya aku beli parfum dari HMNS dan gak parnah nyesel dengan kualitas dari produknya serta pelayanannya yang ramah. Next pasti beli lagiğŸ‘,5
"wanginya saya suka, enak tp untuk ketahanannya gak terlalu lama, masi kalah sama ketahanan wanginya merk palu yang 15 ribu travel size",5
"wangi nya makin lama makin enak, awal awal emang agak pasaran baunya",5
"Harumnya khas lakik banget, cool gitu. Cocok untuk kegiatanÂ² formal. Untuk outdoor juga bagus, bisa tahan 4 jam lebih. Mantab pokoknya The Perfection ini. Thanks ya HMNS.",5
"barang sampai baik, packing rapi belum dibuka segel",5
Fast responnseâ€¦â€¦barang sesuaiâ€¦..packing amanâ€¦â€¦barang selamat sampai tujuanâ€¦..,5
"Barang datang sesuai pesanan, pengiriman cepat, barang sesuai deskripsi, untuk the perfection SPL moderate 6,5/10.",5
"cakeep, packaging aman terkendali, dan plus dapet sampe comfortiser",5
"wanginya enak, tapi kayak pernah nyoba perfume dengan wangi yang mirip lupa namanya",5
Untuk parfumnya tentu wangi tp klo ekspedisi pengirimannyaaa -_- nyebelin,5
Produk sesuai deskripsi. Wanginya enak dan lumayan tahan lama,5
Selalu bisa memuaskan memang produknya HMNS .. Tapi kecepetan checkout di H-1 7.7 ga dapet free gift ğŸ¥²,4
"udah 5x beli produk hmns. kali ini kecewa. perfectionnya engga seger. padahal udah komplain dikirmin unit penggantinya. tapi tetep aja scentnya bener2 beda dari perfection yg aku beli beberapa bulan yg lalu. udah aku bandingin ama sisa perfection yg dulu, kalah fresh & soapynya. kirain hidungku yg bermasalah, setelah coba nyium Alpha & Orgasm ternyata emg perfection yg baru aja dateng kayak kualitasnya beda. aku harap hmns bisa ningkatin kualitas juicenya bukan cuma botolnya. aku gatau deh ini karena emang racikannya yg downgrade atau emg ada efek pengiriman di kurir (kenapasan mungkin). semoga hmns lebih baik lagi dari segi racikannya atau kerjasama kurirnya.",2
Wanginya manly banget. Unik sekali (in a good way) melebihi ekspektasi saya. Dan dikasih bonus yg varian addict juga. Saya mau ngasih bintang 100 tapi di toped cuma boleh sampe 5.,5
"Packagingnya mantap, plus dikasih bonus. Wangi menurut saya cukup fresh dan enak. Tapi berhubung saya penyuka leather atau oud jadi berasa agak kurang strong.",5
aromanya bener2 perfek. recomended. respon seller cepat. pengiriman cepat dan aman. terima kasihm,5
"packingnya selalu aman, kualitasnya baik. dapat bonus tote bag pula. terima kasih.",5
"wanginya jangan ditanya lagi, ampe punya 2 botol beda edisi",5
"pengiriman sesuai deskripsi.. dan barang sampai dengan aman, paking juga rapi. sangat MEMUASKAN lanjud order berikutnya ğŸ™",5
Terasa premium banget.. packing dan botolnya.. mantab..,5
Mewah! Wanginya sopan banget masuk ke hidung. Cocok buat orang yang ga terlalu suka wangi yang manis.,5
"Sempurna yang nyaris sempurna. Kesan pertama menghidu wanginya saya mendapatkan gambaran pria rapi, elegan dengan busana jas dan dasi. Sayangnya, wangi The Perfection yang menawan ini terlampau singkat. Dikulit saya, pancarannya solid di satu jam pertama, loyo selepas 3-4 jam.",5
Paling cocok emang wanginya perfection Box exclusive Packing aman Dapet voucher 25k untuk next purchase,5
"Pesen lagi karena suka, tapi kenapa yg sekarang beda wanginya ya? Kayak bukan parfum yg sama. Masih enak sih, tapi lebih suka yg lama ğŸ˜”",4
very nice and immortal smells from medium notes until base notes. great local prafume!,5
Barang Good !! ğŸ”¥ Cumn saran saja kalau bs untuk ekspedisi nya di tambah lagi. Pakai sicepat haduhh ğŸ˜‘ pengantaran gk sesuai nama nya ğŸ¥²,5
aAlhamdulillah parfumenya sampai dgn selamat.. wanginya perfect..ion.. I'm like it.. Tahan lama.. recomended banget.. thanks HMNS.. mungkin kalo ada bonus tester wangi yang lain lebih mantap lagi..,5
"Barang sampai dengan aman, kualitas barang juga sesuai deskripsi ğŸ‘ Alhamdullilah Terima kasih juga atas bonus gelasnya ğŸ˜Š",5
"I kinda like the clove as the base notes but i prefer the perfume has a hint of spicy rather than full of something fresh and floral. Next variants, perhaps? The longevity is stable and lasts up to 4 hours or even more. The packaging is definitely an upgrade compares to other variantsâ€”and me personally, two thumbs to the semi-magnetic of the bottle cap, love it.",4
"Ngga dibuka bungkusnya, karena untuk kado. Semoga cocok wanginya.",5
"Respon cepat, pengiriman cepat. Udah cocok ama wanginya. Order ke 2 lgs pesen 2 langsung. Recommended",5
"So far so good untuk aromanya, lebih cocok dipake ke acara formal dan ocassion didalam ruangan ğŸ‘ğŸ»",5
"untuk yg ke dua kalinya, cuma sayang ga dikasih bonus, pas awal beli dikasih bonus yg farhamton",5
"suka wanginya, packing mantap, keren lah pokoknya.",5
Wanginya enak banget.. bikin setiap saat pede gtu,5
FAST respon. Kemasan aman. Mantap.,5
"Baunya cowok banget, lebih tahan lama ketimbang Alpha. Baunya lebih awet meskipun dipake outdoor Dapet bonus vial gatau ini yang Ambar atau Janma",5
"proses cepat, kualitas baik & dikasih bonus farhampton 5ml. terimakasih HMNS",5
my husband really love the scent. affordable banget dahh. mantep,5
mantappp. parfumm yg cocok di bau dan harganya. lanjutkanm,5
"Nitip kucing bentar ya, di ambil lagi waktu parfum nya dah habis ğŸ˜»",5
"udah sering beli parfum lokal, asli gak semantap ini packagingnya.. aromanya enak lagi, pesan kemarin, besoknya sampe. mantap",5
Blind bought. Each notes smell good but far from PERFECTION as the bame of the product. Not my preference actually.,5
Proses pengiriman sesuai dgn yg dijanjikan. Produknya juga dikemas dgn bagus & eksklusif. Aromanya juga sesuai dgn yg saya inginkan. Dapet bonus pula!! Puas banget belanja di sini.,5
"Waktu beli yang starter pack-nya saya langsung tertarik sama wangi yang The Perfection ini jadi langsung memutuskan buat beli yang ukuran 100 ml-nya. Wanginya maskulin, cowok banget, dan segar. Cocok untuk laki2 dewasa.",5
"beli the perfection ini pas batch 2, rebutan dong dan ga sampe 5 menit udah sold. packagingnya mevvah banget, tutup botol magnetic, box nya juga elegan & masi aku simpan karena sayang dibuangğŸ˜‚ untuk aroma awal nya strong banget wangi percengkehannya berasa (aku kurang suka wangi di awal), tapi lama lama jadi lebih soft & mulai bercampur dengan kayu2an dan bunga2an. untuk indoor bisa tahan upto 8 jam. perfume ini tuh deskripsiin the real ""man"" gitu yang siap mempertanggungjawabkan masa depan #eaaa",5
"parfum suda mendarat dg aman dan sukses. respon bagus, kemasan rapi dan aman... terima kasih.",4
"wangi khas terasa mewah bgt, pertama kali nyoba punya temen akhirnya mutusin buat beli sendiri, wangi awettt",5
"Bukan cuma packagingnya yang mewah, tapi baunya juga enak. Mantap lah, next time cobain yang farhampton.",5
"Kualitas parfum bagus, wanginya awet, dan pengiriman juga cepat.",5
"jatuh hati sejak pertama kali perfection rilis, dikasih tester juga untuk varian alpha",5
Packing rapi. Wanginya enak dan tahan lama. Love it,5
packaging mantap. semoga wangi nya tahan lama. overall baguss,5
"pengiriman cepat, wanginya mantap dan awet, dapet free farhampton 5ml. thanks seller. next order lagi karena sudah dikasih voucher diskon 25k untuk pembelian selanjutnya. sukses terus HMNS.",5
gokil cepet nyampe nya... mimin nya super responsif,5
pengirimannya cepat parfum masih tersegel makasih juga sample decantnya,5
"wanginya suka, enak sekali, tapi untuk sampel starterpack nya kalau bisa di sesuaikan dengan gender.. soalnya saya tertarik dengan parfum lainnya untuk yang cowo",5
"Wanginya enak, harga relatif murah dan tahan lama, beli lagi deh, recommend bgt",5
akhirnya mendarat jg di kupang . mimin nya fast respon sabar ngadepin customer yg banyak tanya hehe . doi suka baunya enak seger . cowok banget lah hehe,5
Wanginya enak sangat maskulin cocok buat cowo2. Adik saya suka. Terima kasih HMNS.,5
Kado buat ayang. Dia suka banget wanginya. Aku juga suka makin nempel sama ayang deh ğŸ¤­,5
"wanginya cocok, lumayan tahan lama, setiap 4 jam disemprot ulang ... tapi pengiriman bebas ongkir memang lama sampainya",5
"Packing aman, pengiriman cepat, good quality perfume!",5
"wanginya enak, dibandingkan dgn farhampton yg lebih maskulin, ini lebih lembut, istri saya jadi ikutan pake..dan spt biasa paket cepat sampai.. recommended seller pokoknya ğŸ‘",5
"Mengulas sbg konsumen biasa, pemula. Awal dipakai wangi rempah cukup kuat, mungkin bbrp org tdk suka. Semakin lama dipakai wangi melembut dan notes lavender-musky. Menurut sy parfum ini ccok untuk acara formal atau bertemu org penting. Untuk acara casual lebih milih farhampton.",5
puas dong.. stlh sblmnya pake farhampton mana dpt comfortiser (sayangnya dlm botol kecil) ğŸ˜‚ğŸ˜‚,5
"botol kedua, rada beda kayaknya formulasinya dibandingin 1st batch awal rilis",4
"The Perfection mendarat lebih cepat. Thank you, humins! Soal kualitas mah ga usah diragukan lagi.",5
Pembelian kedua untuk seri The Perfection. As always puas dengan wangi dan pelayanannya. Keep it up.,5
"Beli setelah coba starter pack nya, worth it banget!!!",5
"Ini pengalaman pertama, selama ini ga pernah denger.. maafkan aku yang melewatkan barang bagus buatan indonesia ğŸ™ğŸ¼",5
"Wanginya lebih condong maskulin, bukan tipikal parfum yang wanginya fresh. 10/10",5
"Amazing product, neat packaging. Perfume is suitable for many events (formal and non formal).",5
akhirnya datang juga d tungguÂ² wangi ny suka banget cocok buat saya ğŸ‘,5
"Packaging bagus, Pelayanan terbaikk. Wangi elegan dan maskulin.",5
"wanginya pas buat siang dan malam, tahan lama pula.",5
"baru pertama nyoba hms perfecion,untuk wangi awal semprot kurang cocok.tapi lama""enak jg.trimaksih bonusnya tp dtp kayanya untuk cewe.",4
"Barang sampai dengan selamat, dapet bonus decant yg varian Orgsm lagi. untuk wanginya saya paling suka yg middle notes dan base notesnya yg kesannya kalem tapi berkelas kayak cowo2 kantoran yg rapi bersih dan ganteng haha. ini jenis wangi yg gampang diterima di hidung orang banyak dan banyak parfum terkenal yg wanginya mirip2, makanya bagi sebagian orang kek wangi yg sudah familiar alias pasaran. Pasaran bukan berarti jelek, hanya saja wanginya kayak sudah familiar dari parfum terkenal lainnya, jadi bukan tipikal wangi yg super unik, tapi tipikal wangi yg mass pleasing.",5
"wanginya sangat enak, menimbulkan kesan mewah tidak begitu menyengat, efek akhir dari baunya terkesan ""manis"" dan ""spicy"" menurut saya. Sangat cocok dipakai ke kantor atau meeting resmi, meningkatkan ""value"" pribadi.",5
"Jujurly, aroma nya tidak jauh beda dengan Alpha, tapi emang lebih laki lagi sih ini. Tipe XY nya Folkative malah lebih berasa kembaran dengan The Perfection.. . Alpha XY Beli XY Folkative Botol Tester The Perfection Beli",5
"Packagingnya oke banget, ekslusif.. botolnya ternyata lebih besar dr dugaan ğŸ˜… okee banget",5
"Pengiriman cepat respon cepat, cuma kurir spax ini agak unik dibilang ga ada org dirumah haha..",5
Packaging bagus tp udah gadapet bonus sekarangğŸ˜¬,5
"suka banget, ini RO ke tiga, jdi total sudah 6 jenis HMNS yg jdi koleksi, n semuax cocok banget unt sya n istri... pengiriman cepet banget, terimakasih HMNS n sukses selalu..",5
"Maaf baru sampai mudik, baru sempat buka paket. Paket sampai dengan selamat sesuai pesanan. Barang kualitas bagus",5
Wanginya cukup enak meski SPL agak loyo kalo siang hari harus rajin reapply,5
Meskipun terkesan spicy tapi wanginya tetep sopan,5
"Mantap, maskulin banget ğŸ˜, spice herbs ğŸ‘, semoga botolnya gak bermasalah kayak alpha dan farhampton ğŸ˜ŠğŸ™",5
Lapor Juragan: - Packing Super Aman. - Pengiriman Lancar. - Servis admin renyah komunikatif. - Kalo produknya sih NO DEBAT!! Sukses Juragan!! Keren ğŸ‘ğŸ‘ğŸ‘ğŸ‘,5
The perfection ini mirip bgt YSL Y EDP ditambahin twist sedikit cengkeh. Cocok buat cowok rapih yg selalu pake kemeja. Dijamin tambah ganteng!,4
"Benci banget sama HMNS, asli benci banget.. kenapa bisa bikin parfum seenak ini tapi harganya ga sampe jutaan? Dan yg bikin gw kesel lagi sekarang gw udah ga tertarik sama Farhampton gara-gara The Perfection ğŸ˜­ğŸ˜­",5
Wanginya cocok sesuai selera dan dapat bonus lagi,5
"Packing rapi, tidak ada cacat. wanginya menyenangkan..saya suka bgt.",5
"Mantap. pengiriman luar pulau pun packing ttp aman. Wanhi enak fresh, kalem.",5
"Wanginya enak banget, dan packagingnya aman sekali",5
Wanginya masculine. Enak bgt tahan lama. Dapet free sample thankss,5
"kak humins nya responsif bgtt, sehari nyampe ganyangka, belom sempet coba mungkin besok skalian brkt kerja, jadi ulasan alakadarnya dlu yaa",5
"elegan kemasannya, dan wanginya enak banget",5
"wangi kantoran dan formal event bngt mnurut gw, dipadukan sama body spray nya mkin mantep. wajib respray biar aroma awet, seperti yg tertera di deskripsi produk",5
kualitasnya oke banget & wangi nya sesuai selera. suka banget sama perfection ini ğŸ‘ğŸ»,5
"Wanginya enak, cm kyk agak beda sm sample di GI",5
"Se perfect ini parfum The Perfection ğŸ”¥ğŸ”¥ğŸ”¥ Parfum yg selalu diingat oleh calon istriku, yg nyaman bgt aromanya buat hidungku dan calon istriku. Sampai aku stok 1 botol parfum The Perfection lg sbg cadangan pembelian yg ketiga, krn pembelian pertama dan kedua sdh habis. Aroma yang mewah bgt, elegan dan cowok bgt. Fresh dan tahan lama untuk wanginya. Definisi absolut dr The Perfection",5
"Beli sampai 3 parfum, tidak dapat bonus sample parfum yg lain, mungkin karena sudah merasa laku. Untuk wangi to be honest menurut saya wangi... tp pasaran banget wanginya, bbrp parfum lain jg wanginya spt ini. Yg agak kurang lg menurut saya, alkoholnya agak kuat ya keciumnya.",3
"cepat sampainya, good packaging, wanginya mirip ysl parfume buat cowo, beli ini utk alternative daily parfume ok bgt.",5
"cocok sama wanginya, ga manis, ga bikin eneg, aromanya mengingatkan sama saudara yang kaya raya",5
"The Perfection pertama gue, ini cocok banget buat ke club sih wanginya elegant cocok buat acara malam",5
"Wanginya elegan, tahan lama, dan konsisten, pembelian ke 4",5
"Wanginya enak dsn segar, walau beda karakter dengan yg sebelumnya cuma maasih cocok",5
Awalnya beli yg starter pack dan pilahan jatuh ke the perfection.,5
Pelayanan cepat dan barang aman saat sampai. Terima Kasih,5
"Se perfect ini parfum The Perfection ğŸ”¥ğŸ”¥ğŸ”¥ Parfum yg selalu diingat oleh calon istriku, yg nyaman bgt aromanya buat hidungku dan calon istriku. Sampai aku stok 1 botol parfum The Perfection lg sbg cadangan pembelian yg kedua, krn pembelian pertama sdh habis. Aroma yang mewah bgt, elegan dan cowok bgt. Fresh dan tahan lama untuk wanginya. Definisi absolut dr The Perfection",5
"Barangnya udah dateng, kondisi ok wanginya fresh dan dapet tester unrosed ty minğŸ˜. ketahanan wangi belum di coba hingga saat ini cukup memuaskan.",5
wanginya tahan lama dan gantle banget. seusai dengan deskripsi.,5
"barang sudah sampai dengan selamat, packaging nya mewah pol, belum sempet buka semoga jozz thank you juga buat bonus vial nya",5
"pengiriman sat set sat set, botolnya magnett, wanginya oke bangettğŸ‘ŒğŸ» wkwkw",5
"biasa beli yg seri alpha, sekarang nyobain perfection..bau nya seger banget suka..semoga bisa tahan lama kek alpha ğŸ˜Š hmns the best pokoknya nggak pernah bosen sama produknya",5
Kayak bau cologne yg biasa.. Gak kayak alpha dan eos yg khas..,4
"Wangi ny enak mevvah bgt, tahan lama n dr jauh udh kecium ntabs",5
Sudah pembelian kedua kalinya karena cocok dan gw setia sama satu produk kalau sudah on click. Many thanks HMNS ğŸ–¤,5
"sesuai pesanan,, pengiriman cepat,, suka dengan aromanya...",5
Puas bangedâ€¦pesanan keduaâ€¦fast respon dan bertanggung jawab,5
"First impression, luar biasa, baru pertama beli. next bakalan langganan wanginya elegan banget cocok Indoor dan outdoor",5
thaks min...fast delivery thanks jg bonus.ny..dpet glass tumblerğŸ˜,5
"Pembelian kelima kali, wanginya konsisten tetep enak",5
Wangi nya bikin pengen nyium mulu dapet vial juga farhamton yg udh pernah beli dan juga enak wangi nya,5
"Wangi nya manly banget, elegan tapi masih light ga bold.",5
"mantap banget, berkelas, cowo banget, cocok buat ngantor",5
"Pertama pake, wangi si. Awet juga wanginya",5
"mantap, baunya kalem enak, semakin diendus semakin enak baunya menurutku",5
Wanginya mantap bangetâ€¦ lebih lembut dibandingkan farhampton dan lebih maskulin.. kalau farhampton cenderung lebih segar tapi ini lebih mewahâ€¦,5
"Mantaaaab banget seller, fast respon dan barang mendarat dengan selamat, dan dikasih bonus pulaak haha ğŸ‘ğŸ‘",5
"suka sama baunya, kemasa bagus, pengiriman cepat",5
Hanya minus ekspedisi ngaret 1hari andai ada gosend/grab (sameday dan instant) dan pembelian pertama,4
ud ksekian X.ny beli produk HMNS emng paling cocok the perfection...thanks HMNS..dpet tester jg..,5
"Barang datang sesuai, wanginya seger, cocok untuk indoor, next beli varian lain.",5
"produk bagus, tp tidak didukung oleh perusahaan ekspedisi",5
"itâ€™s my first time beli disini krn bnyk yg rekomendasiinâ€¦ so, overall is good from the package til the scent of perfection ğŸ‘ğŸ»",5
Mantap.. selalu suka dgn smua produk HMNS.. ada harga ada kualitas,5
"Wanginya harum, lembut dan tahan lama. Selalu repeat order kalau habis",5
"Terima kasih pesanan dah nyampe dg selamat... respon cepat, kemasan rapi dan aman.",5
Wangi nya enak bgt ...bukan wangi murahan!! Tshan lama juga bau nya... Lokal Indonesia yg hrs di apresiasi nih.. mantab!! Next beli seri laen ğŸ‘ğŸ‘ğŸ‘ Sangat Recommended!!,5
"Tidak bisa berakata2, bener2 perfect ğŸ–¤",5
"wanginya mantap, semoga lebih tahan lama dibanding produk hmns lainnya",5
Baunya enak â€¦ cowo bgt tp gk lebay â€¦ bs d pke siang hr â€¦ sm malam jg ğŸ‘ŒğŸ» Oh iya thanks bonusnya ğŸ˜,5
"mantap. sayangnya pengiriman di weekend gak ada. kalo bisa di adakan, biar customer gak kelamaan nunggu bagi yg belanja di weekend.",5
sukaaa banget wanginya The Perfection ini. makasih admin yg baik hati ditanyain trs dan fast respon.,5
aromanya agak mirip parfum kalemat arabian oud tp pervection lebih halus / Indonesia dan tidak mewarnai pakaian dan saya lebih pilih yg perfec hmns punya . ğŸ˜ terima kasih ğŸ™,5
"Pembelian kedua karena suka wanginya tenang, laki, spicy, gak terlalu fresh dan mantap",5
"Aromanya mass pleasing, belum coba untuk spl-nya. But, overall ok! ğŸ˜‰â˜€ï¸",5
"Mimin thank you buat hadiahnya bisaâ€ nya, kasih sample EOS Pengen coba wanginya jg makasihhhh minnn",5
"kane beut wangi nya bray, two thumbs up",5
"Untuk kedua kali beli parfum HMNS, tapi coba yang beda varian. Dan ini parfum bener-bener manly. Mantap lah ğŸ’¯",5
"gatau ini pembelian yg berapa kali karena saking cintanya sama varian ini. dan dapet bonus totebag dalam rangka acara HMNS hari sabtu di GI, tapi sayang gabisa dateng.",5
Pengiriman aman.. tks seller atas packing nya. Wangi much better dari decant nya..Nice HMNS for the Good product,5
"sesuai dengan namanya Parfume The Perfection, aromanya benar-benar perfectğŸ‘Œ, thanks atas gift dan voucher-nyağŸ‘",5
"wanginya enak, tinggal diuji bagaimana untuk long lastingnya",5
repurchase â˜º pas lagi ada promo dikasih bonusnya banyak banget ğŸ–¤,5
kualitas *5 ya wangi kayak parfum yg harga juta2 ketahanan no doubt volume 100ml semoga buatan lokal semakin mendunia ğŸ‘ğŸ‘ğŸ‘ trima ksh untuk bonusnya..,5
Perfection wanginya segar dan maskulin. Udah coba juga yg Farhamton dengan karakteristik cenderung ke manis fresh. Cocok sama dua2nya.,5
Aromanya enak banget. Pengirimannya juga cepet banget. Thanks HMNS!,5
Suka banget sm wanginya soft tapi cool ğŸ¥°,5
"Great package, great quality. Thanks HMNS, semoga cocok ğŸ¤ğŸ¼",5
"Wangi nya tahan lama, packaging mewah khas HMNS",5
selalu beli parfum disini. udah kedua kalinya beli parfum ini. pas make serasa christian sugiono beneran. wanginya tahan lebih dari 8 jam. mau repeay,5
"nanyain stok langsung diupdate terus co, barang cepet sesuai. perfect bgt mimin hmns",5
"packaging-nya ğŸ˜ğŸ˜ untuk kado, semoga cocokâ¤ï¸",5
"ini yang ke 3 kali beli dri 2021, emang udah kecanndu sama perfection. Thank you HMNS tapi sayang ga dapet yang atomizer yang limited edition Ramadan. Sehat selalu kalia tim HMNS ğŸ™ŒğŸ»",5
kalo soal wangi sudah terbuktiâ¤ï¸ dan ternyata pembelian kali ini dapet bonus terimakasih HMNS,5
"Beli parfum buat gift eh malah dapet gratis parfum ambar janma dari event halloween, udh gk bs di bohongin sih sama parfum2nya hmns emg enak semuaâœ¨",5
"jadi kecanduan beli parfum hmns, iseng awal beli starterpack, terus parhampton, sekarang menyusul the perfection, next mau cobain alpha udh ada di keranjang ğŸ˜Š, secret bonus nya ajib banget ğŸ˜„, thanks hmns",5
baunya mirip parfum axe.. tapi bedanya ini ga terlalu strong.. ga sesuai ekpetasi,4
Packaging baru lebih keren ğŸ«¶ğŸ» The perfection plg bisa bikin klepek2 lah. Duh ğŸ˜†ğŸ«¶ğŸ»,5
wanginya laki banget siih ini maaah... mantaab pokoknyaa... tapi belum tau ketahanannya gmna.. so far suka banget sama wanginya,5
akhirnya bisa beli yang full gk vial lagi. enaaak banget wanginya tuh,5
"the best soal pengiriman kalo HMNS ini, jumaat cek out minggu malem sampe ğŸ‘ the perfection ğŸ˜˜",5
Mantaap Kualitas bagus Terbaik dikelasnya,5
Wanginya enak sih. Tapi agak generic untuk parfum cowo,4
"Entah pembelian ke berapa untuk merk hmns , emang terbaik",5
wangi nya tahan lama dan disukai banyak orang,5
Pembelian kedua untuk varian ini. Dapat bonus Orgasm. Terimakasih,5
"beli buat kado, untung dapet free vialnya. wanginya super duper enak sih buat aku ğŸ¥º",5
"Botolnya keren banget yang baru, warna smoke sama tutupnya warna matte ya. Makin ngeluarin sisi maskulinnya ini parfum, mantapğŸ¥µğŸ‘ğŸ¼",5
"tumben ga dapet bonus tester ğŸ˜…ğŸ˜… pengiriman lama, order tgl 8 februari, nyampe tgl 14 februari",4
"Barang sampai dengan aman, rapi dan bagus",5
